22.222,0,0.0238
22.222,100,0.0082
22.222,200,0.0032
22.222,300,0.0086
22.222,400,0.014
22.222,500,0.0159
22.222,600,0.0143
22.222,700,0.0128
22.222,800,0.009
22.222,900,0.0031
22.222,1000,-0.0029
22.222,1100,-0.0066
22.222,1200,-0.0082
22.222,1300,-0.0097
22.222,1400,-0.0074
22.222,1500,-0.0011
22.222,1600,0.0051
22.222,1700,0.0083
22.222,1800,0.0085
22.222,1900,0.0087
22.222,2000,0.0078
22.222,2100,0.0059
22.222,2200,0.004
22.222,2300,0.0029
22.222,2400,0.0028
22.222,2500,0.0027
22.222,2600,0.0006
22.222,2700,-0.0034
22.222,2800,-0.0074
22.222,2900,-0.0068
22.222,3000,-0.0015
22.222,3100,0.0037
22.222,3200,0.0057
22.222,3300,0.0045
22.222,3400,0.0033
22.222,3500,0.0028
22.222,3600,0.003
22.222,3700,0.0032
22.222,3800,0.0029
22.222,3900,0.0019
22.222,4000,0.0009
22.222,4100,0.0006
22.222,4200,0.0009
22.222,4300,0.0012
22.222,4400,-0.0002
22.222,4500,-0.0034
22.222,4600,-0.0066
22.222,4700,-0.0086
22.222,4800,-0.0094
22.222,4900,-0.0102
22.222,5000,-0.0122
22.222,5100,-0.0154
22.222,5200,-0.0186
22.222,5300,-0.0184
22.222,5400,-0.0149
22.222,5500,-0.0114
22.222,5600,-0.0149
22.222,5700,-0.0254
22.222,5800,-0.036
22.222,5900,-0.0334
22.222,6000,-0.0178
22.222,6100,-0.0021
22.222,6200,0.0109
22.222,6300,0.0214
22.222,6400,0.0319
22.222,6500,0.0323
22.222,6600,0.0226
22.222,6700,0.0129
22.222,6800,0.0059
22.222,6900,0.0015
22.222,7000,-0.0028
22.222,7100,-0.0034
22.222,7200,-0.0002
22.222,7300,0.003
22.222,7400,0.0018
22.222,7500,-0.0038
22.222,7600,-0.0094
22.222,7700,-0.0118
22.222,7800,-0.0109
22.222,7900,-0.01
22.222,8000,-0.012
22.222,8100,-0.017
22.222,8200,-0.0219
22.222,8300,-0.0276
22.222,8400,-0.0342
22.222,8500,-0.0407
22.222,8600,-0.0323
22.222,8700,-0.0089
22.222,8800,0.0145
22.222,8900,0.0262
22.222,9000,0.0262
22.222,9100,0.0262
22.222,9200,0.0262
22.222,9300,0.0262
22.222,9400,0.0262
22.222,9500,0.0243
22.222,9600,0.0204
22.222,9700,0.0165
22.222,9800,0.0115
22.222,9900,0.0056
22.222,10000,-0.0003
22.222,10100,-0.0028
22.222,10200,-0.0018
22.222,10300,-0.0008
22.222,10400,0.0006
22.222,10500,0.0025
22.222,10600,0.0043
22.222,10700,0.0052
22.222,10800,0.0052
22.222,10900,0.0052
22.222,11000,0.0062
22.222,11100,0.0083
22.222,11200,0.0104
22.222,11300,0.0106
22.222,11400,0.0087
22.222,11500,0.0069
22.222,11600,0.0039
22.222,11700,-0.0004
22.222,11800,-0.0047
22.222,11900,-0.0054
22.222,12000,-0.0024
22.222,12100,0.0006
22.222,12200,0.0041
22.222,12300,0.008
22.222,12400,0.012
22.222,12500,0.0163
22.222,12600,0.021
22.222,12700,0.0258
22.222,12800,0.0318
22.222,12900,0.0391
22.222,13000,0.0465
22.222,13100,0.0422
22.222,13200,0.0263
22.222,13300,0.0104
22.222,13400,-0.0023
22.222,13500,-0.0117
22.222,13600,-0.0212
22.222,13700,-0.0223
22.222,13800,-0.0152
22.222,13900,-0.0081
22.222,14000,-0.0036
22.222,14100,-0.0017
22.222,14200,0.0001
22.222,14300,0.0047
22.222,14400,0.0119
22.222,14500,0.0191
22.222,14600,0.0185
22.222,14700,0.0102
22.222,14800,0.0019
22.222,14900,-0.0022
22.222,15000,-0.0022
22.222,15100,-0.0022
22.222,15200,-0.0022
22.222,15300,-0.0022
22.222,15400,-0.0022
22.222,15500,-0.003
22.222,15600,-0.0046
22.222,15700,-0.0061
22.222,15800,-0.0096
22.222,15900,-0.0149
22.222,16000,-0.0202
22.222,16100,-0.0191
22.222,16200,-0.0117
22.222,16300,-0.0042
22.222,16400,-0.0001
22.222,16500,0.0007
22.222,16600,0.0015
22.222,16700,0.0028
22.222,16800,0.0045
22.222,16900,0.0063
22.222,17000,0.0082
22.222,17100,0.0104
22.222,17200,0.0125
22.222,17300,0.0092
22.222,17400,0.0005
22.222,17500,-0.0083
22.222,17600,-0.0142
22.222,17700,-0.0173
22.222,17800,-0.0205
22.222,17900,-0.0205
22.222,18000,-0.0175
22.222,18100,-0.0145
22.222,18200,-0.0108
22.222,18300,-0.0065
22.222,18400,-0.0023
22.222,18500,-0.0033
22.222,18600,-0.0097
22.222,18700,-0.016
22.222,18800,-0.0201
22.222,18900,-0.0218
22.222,19000,-0.0236
22.222,19100,-0.0201
22.222,19200,-0.0115
22.222,19300,-0.0029
22.222,19400,0.0018
22.222,19500,0.0027
22.222,19600,0.0036
22.222,19700,0.0029
22.222,19800,0.0005
22.222,19900,-0.0019
22.222,20000,-0.0028
22.222,20100,-0.0022
22.222,20200,-0.0016
22.222,20300,-0.0004
22.222,20400,0.0014
22.222,20500,0.0032
22.222,20600,0.0035
22.222,20700,0.0022
22.222,20800,0.0009
22.222,20900,-0.0002
22.222,21000,-0.0013
22.222,21100,-0.0023
22.222,21200,-0.0032
22.222,21300,-0.0039
22.222,21400,-0.0047
22.222,21500,-0.0042
22.222,21600,-0.0025
22.222,21700,-0.0008
22.222,21800,0
22.222,21900,-0.0001
22.222,22000,-0.0002
22.222,22100,0.0003
22.222,22200,0.0015
22.222,22300,0.0026
22.222,22400,0.0036
22.222,22500,0.0043
22.222,22600,0.005
22.222,22700,0.0044
22.222,22800,0.0026
22.222,22900,0.0007
22.222,23000,-0.0008
22.222,23100,-0.0019
22.222,23200,-0.003
22.222,23300,-0.0035
22.222,23400,-0.0033
22.222,23500,-0.0032
22.222,23600,-0.0038
22.222,23700,-0.0052
22.222,23800,-0.0067
22.222,23900,-0.0067
22.222,24000,-0.0054
22.222,24100,-0.004
22.222,24200,-0.0037
22.222,24300,-0.0044
22.222,24400,-0.0051
22.222,24500,0.0002
22.222,24600,0.0115
22.222,24700,0.0229
22.222,24800,0.0263
22.222,24900,0.0219
22.222,25000,0.0174
22.222,25100,0.0123
22.222,25200,0.0066
22.222,25300,0.0009
22.222,25400,-0.0006
22.222,25500,0.0021
22.222,25600,0.0049
22.222,25700,0.0063
22.222,25800,0.0063
22.222,25900,0.0064
22.222,26000,0.0059
22.222,26100,0.0048
22.222,26200,0.0037
22.222,26300,0.0019
22.222,26400,-0.0008
22.222,26500,-0.0034
22.222,26600,-0.0026
22.222,26700,0.0017
22.222,26800,0.0061
22.222,26900,0.0077
22.222,27000,0.0068
22.222,27100,0.0058
22.222,27200,0.0035
22.222,27300,-0.0001
22.222,27400,-0.0037
22.222,27500,-0.0069
22.222,27600,-0.0098
22.222,27700,-0.0126
22.222,27800,-0.0108
22.222,27900,-0.0043
22.222,28000,0.0022
22.222,28100,0.0038
22.222,28200,0.0005
22.222,28300,-0.0029
22.222,28400,-0.0049
22.222,28500,-0.0057
22.222,28600,-0.0065
22.222,28700,-0.005
22.222,28800,-0.0013
22.222,28900,0.0025
22.222,29000,0.0027
22.222,29100,-0.0005
22.222,29200,-0.0037
22.222,29300,-0.004
22.222,29400,-0.0015
22.222,29500,0.0011
22.222,29600,0.0045
22.222,29700,0.0088
22.222,29800,0.013
22.222,29900,0.0157
22.222,30000,0.0169
22.222,30100,0.0181
22.222,30200,0.0167
22.222,30300,0.0128
22.222,30400,0.0089
22.222,30500,0.0054
22.222,30600,0.0024
22.222,30700,-0.0005
22.222,30800,-0.0017
22.222,30900,-0.001
22.222,31000,-0.0004
22.222,31100,0.0035
22.222,31200,0.0104
22.222,31300,0.0174
22.222,31400,0.0227
22.222,31500,0.0265
22.222,31600,0.0302
22.222,31700,0.0283
22.222,31800,0.0206
22.222,31900,0.0129
22.222,32000,0.0055
22.222,32100,-0.0017
22.222,32200,-0.009
22.222,32300,-0.0123
22.222,32400,-0.0118
22.222,32500,-0.0113
22.222,32600,-0.0104
22.222,32700,-0.0092
22.222,32800,-0.008
22.222,32900,-0.0065
22.222,33000,-0.0049
22.222,33100,-0.0032
22.222,33200,-0.0017
22.222,33300,-0.0005
22.222,33400,0.0008
22.222,33500,0.0024
22.222,33600,0.0044
22.222,33700,0.0064
22.222,33800,0.008
22.222,33900,0.0093
22.222,34000,0.0106
22.222,34100,0.0106
22.222,34200,0.0094
22.222,34300,0.0082
22.222,34400,0.0073
22.222,34500,0.0067
22.222,34600,0.006
22.222,34700,0.0062
22.222,34800,0.0071
22.222,34900,0.0081
22.222,35000,0.0069
22.222,35100,0.0037
22.222,35200,0.0005
22.222,35300,-0.0001
22.222,35400,0.002
22.222,35500,0.0041
22.222,35600,0.0049
22.222,35700,0.0042
22.222,35800,0.0036
22.222,35900,0.0021
22.222,36000,-0.0004
22.222,36100,-0.0029
22.222,36200,-0.0031
22.222,36300,-0.0009
22.222,36400,0.0012
22.222,36500,0.0012
22.222,36600,-0.001
22.222,36700,-0.0032
22.222,36800,-0.0041
22.222,36900,-0.0036
22.222,37000,-0.0031
22.222,37100,-0.0031
22.222,37200,-0.0037
22.222,37300,-0.0043
22.222,37400,-0.0043
22.222,37500,-0.0038
22.222,37600,-0.0033
22.222,37700,-0.0037
22.222,37800,-0.0049
22.222,37900,-0.006
22.222,38000,-0.005
22.222,38100,-0.0017
22.222,38200,0.0016
22.222,38300,0.001
22.222,38400,-0.0036
22.222,38500,-0.0081
22.222,38600,-0.0104
22.222,38700,-0.0103
22.222,38800,-0.0101
22.222,38900,-0.0113
22.222,39000,-0.0137
22.222,39100,-0.0161
22.222,39200,-0.0178
22.222,39300,-0.0188
22.222,39400,-0.0199
22.222,39500,-0.0195
22.222,39600,-0.0179
22.222,39700,-0.0162
22.222,39800,-0.0151
22.222,39900,-0.0147
22.222,40000,-0.0144
22.222,40100,-0.0146
22.222,40200,-0.0154
22.222,40300,-0.0162
22.222,40400,-0.0162
22.222,40500,-0.0154
22.222,40600,-0.0147
22.222,40700,-0.0123
22.222,40800,-0.0084
22.222,40900,-0.0045
22.222,41000,-0.0005
22.222,41100,0.0036
22.222,41200,0.0076
22.222,41300,0.0131
22.222,41400,0.0202
22.222,41500,0.0272
22.222,41600,0.03
22.222,41700,0.0284
22.222,41800,0.0269
22.222,41900,0.0268
22.222,42000,0.0281
22.222,42100,0.0294
22.222,42200,0.028
22.222,42300,0.0239
22.222,42400,0.0198
22.222,42500,0.0139
22.222,42600,0.0063
22.222,42700,-0.0013
22.222,42800,-0.0044
22.222,42900,-0.003
22.222,43000,-0.0015
22.222,43100,-0.0011
22.222,43200,-0.0017
22.222,43300,-0.0023
22.222,43400,-0.0012
22.222,43500,0.0015
22.222,43600,0.0043
22.222,43700,0.0033
22.222,43800,-0.0014
22.222,43900,-0.0061
22.222,44000,-0.0105
22.222,44100,-0.0146
22.222,44200,-0.0187
22.222,44300,-0.0229
22.222,44400,-0.0271
22.222,44500,-0.0313
22.222,44600,-0.0331
22.222,44700,-0.0326
22.222,44800,-0.0321
22.222,44900,-0.0304
22.222,45000,-0.0275
22.222,45100,-0.0246
22.222,45200,-0.02
22.222,45300,-0.0137
22.222,45400,-0.0074
22.222,45500,-0.004
22.222,45600,-0.0037
22.222,45700,-0.0034
22.222,45800,-0.0025
22.222,45900,-0.001
22.222,46000,0.0006
22.222,46100,0.0013
22.222,46200,0.0013
22.222,46300,0.0013
22.222,46400,0.0016
22.222,46500,0.0023
22.222,46600,0.003
22.222,46700,0.0025
22.222,46800,0.0009
22.222,46900,-0.0007
22.222,47000,-0.0019
22.222,47100,-0.0028
22.222,47200,-0.0037
22.222,47300,-0.0023
22.222,47400,0.0015
22.222,47500,0.0053
22.222,47600,0.0077
22.222,47700,0.0086
22.222,47800,0.0096
22.222,47900,0.0106
22.222,48000,0.0117
22.222,48100,0.0128
22.222,48200,0.0164
22.222,48300,0.0226
22.222,48400,0.0288
22.222,48500,0.0296
22.222,48600,0.0249
22.222,48700,0.0203
22.222,48800,0.0188
22.222,48900,0.0205
22.222,49000,0.0222
22.222,49100,0.0214
22.222,49200,0.0182
22.222,49300,0.0151
22.222,49400,0.0109
22.222,49500,0.0057
22.222,49600,0.0005
22.222,49700,-0.0025
22.222,49800,-0.0035
22.222,49900,-0.0044
22.222,50000,-0.0057
22.222,50100,-0.0074
22.222,50200,-0.0091
22.222,50300,-0.0151
22.222,50400,-0.0252
22.222,50500,-0.0354
22.222,50600,-0.0412
22.222,50700,-0.0425
22.222,50800,-0.0439
22.222,50900,-0.0401
22.222,51000,-0.0309
22.222,51100,-0.0218
22.222,51200,-0.0145
22.222,51300,-0.0092
22.222,51400,-0.0038
22.222,51500,0.0002
22.222,51600,0.0028
22.222,51700,0.0055
22.222,51800,0.008
22.222,51900,0.0103
22.222,52000,0.0127
22.222,52100,0.0134
22.222,52200,0.0124
22.222,52300,0.0115
22.222,52400,0.0124
22.222,52500,0.0153
22.222,52600,0.0181
22.222,52700,0.0218
22.222,52800,0.0263
22.222,52900,0.0309
22.222,53000,0.0323
22.222,53100,0.0307
22.222,53200,0.029
22.222,53300,0.025
22.222,53400,0.0187
22.222,53500,0.0123
22.222,53600,0.0037
22.222,53700,-0.0072
22.222,53800,-0.0181
22.222,53900,-0.0259
22.222,54000,-0.0305
22.222,54100,-0.0351
22.222,54200,-0.036
22.222,54300,-0.0332
22.222,54400,-0.0304
22.222,54500,-0.0238
22.222,54600,-0.0134
22.222,54700,-0.0031
22.222,54800,0.006
22.222,54900,0.0137
22.222,55000,0.0214
22.222,55100,0.0234
22.222,55200,0.0195
22.222,55300,0.0157
22.222,55400,0.0161
22.222,55500,0.0209
22.222,55600,0.0257
22.222,55700,0.0294
22.222,55800,0.0322
22.222,55900,0.0349
22.222,56000,0.0367
22.222,56100,0.0375
22.222,56200,0.0383
22.222,56300,0.0377
22.222,56400,0.0357
22.222,56500,0.0337
22.222,56600,0.0327
22.222,56700,0.0326
22.222,56800,0.0325
22.222,56900,0.0288
22.222,57000,0.0215
22.222,57100,0.0141
22.222,57200,0.0068
22.222,57300,-0.0006
22.222,57400,-0.008
22.222,57500,-0.0131
22.222,57600,-0.016
22.222,57700,-0.0189
22.222,57800,-0.0203
22.222,57900,-0.0201
22.222,58000,-0.0199
22.222,58100,-0.0191
22.222,58200,-0.0177
22.222,58300,-0.0163
22.222,58400,-0.014
22.222,58500,-0.0111
22.222,58600,-0.0081
22.222,58700,-0.0056
22.222,58800,-0.0037
22.222,58900,-0.0018
22.222,59000,-0.002
22.222,59100,-0.0043
22.222,59200,-0.0065
22.222,59300,-0.0093
22.222,59400,-0.0124
22.222,59500,-0.0156
22.222,59600,-0.0175
22.222,59700,-0.018
22.222,59800,-0.0186
22.222,59900,-0.0184
22.222,60000,-0.0177
22.222,60100,-0.0169
22.222,60200,-0.0155
22.222,60300,-0.0133
22.222,60400,-0.0111
22.222,60500,-0.0086
22.222,60600,-0.0058
22.222,60700,-0.0029
22.222,60800,-0.0021
22.222,60900,-0.0032
22.222,61000,-0.0042
22.222,61100,-0.0008
22.222,61200,0.0072
22.222,61300,0.0151
22.222,61400,0.0202
22.222,61500,0.0224
22.222,61600,0.0245
22.222,61700,0.024
22.222,61800,0.0208
22.222,61900,0.0175
22.222,62000,0.0141
22.222,62100,0.0104
22.222,62200,0.0067
22.222,62300,0.003
22.222,62400,-0.0008
22.222,62500,-0.0046
22.222,62600,-0.0056
22.222,62700,-0.0038
22.222,62800,-0.0021
22.222,62900,-0.0008
22.222,63000,-0.0001
22.222,63100,0.0006
22.222,63200,0
22.222,63300,-0.0019
22.222,63400,-0.0039
22.222,63500,-0.0044
22.222,63600,-0.0036
22.222,63700,-0.0027
22.222,63800,-0.0022
22.222,63900,-0.0019
22.222,64000,-0.0017
22.222,64100,-0.0029
22.222,64200,-0.0055
22.222,64300,-0.0081
22.222,64400,-0.0144
22.222,64500,-0.0245
22.222,64600,-0.0345
22.222,64700,-0.0379
22.222,64800,-0.0347
22.222,64900,-0.0316
22.222,65000,-0.0288
22.222,65100,-0.0265
22.222,65200,-0.0242
22.222,65300,-0.0215
22.222,65400,-0.0182
22.222,65500,-0.015
22.222,65600,-0.0117
22.222,65700,-0.0085
22.222,65800,-0.0052
22.222,65900,-0.0013
22.222,66000,0.0033
22.222,66100,0.0079
22.222,66200,0.0154
22.222,66300,0.0256
22.222,66400,0.0358
22.222,66500,0.0409
22.222,66600,0.041
22.222,66700,0.0411
22.222,66800,0.0365
22.222,66900,0.0273
22.222,67000,0.018
22.222,67100,0.0067
22.222,67200,-0.0069
22.222,67300,-0.0204
22.222,67400,-0.0303
22.222,67500,-0.0365
22.222,67600,-0.0428
22.222,67700,-0.04
22.222,67800,-0.0282
22.222,67900,-0.0164
22.222,68000,-0.0083
22.222,68100,-0.0039
22.222,68200,0.0005
22.222,68300,0.0049
22.222,68400,0.0094
22.222,68500,0.0139
22.222,68600,0.0174
22.222,68700,0.0199
22.222,68800,0.0224
22.222,68900,0.0227
22.222,69000,0.0209
22.222,69100,0.0192
22.222,69200,0.0195
22.222,69300,0.022
22.222,69400,0.0246
22.222,69500,0.0246
22.222,69600,0.0221
22.222,69700,0.0197
22.222,69800,0.0169
22.222,69900,0.0138
22.222,70000,0.0107
22.222,70100,0.0099
22.222,70200,0.0115
22.222,70300,0.0132
22.222,70400,0.0128
22.222,70500,0.0105
22.222,70600,0.0081
22.222,70700,0.0049
22.222,70800,0.0008
22.222,70900,-0.0033
22.222,71000,-0.0037
22.222,71100,-0.0002
22.222,71200,0.0032
22.222,71300,-0.0003
22.222,71400,-0.0108
22.222,71500,-0.0212
22.222,71600,-0.0308
22.222,71700,-0.0397
22.222,71800,-0.0486
22.222,71900,-0.0497
22.222,72000,-0.043
22.222,72100,-0.0364
22.222,72200,-0.0299
22.222,72300,-0.0236
22.222,72400,-0.0172
22.222,72500,-0.0115
22.222,72600,-0.0064
22.222,72700,-0.0013
22.222,72800,0.0032
22.222,72900,0.007
22.222,73000,0.0109
22.222,73100,0.0122
22.222,73200,0.0109
22.222,73300,0.0096
22.222,73400,0.0094
22.222,73500,0.0101
22.222,73600,0.0109
22.222,73700,0.0092
22.222,73800,0.0051
22.222,73900,0.001
22.222,74000,-0.0003
22.222,74100,0.001
22.222,74200,0.0024
22.222,74300,0.0021
22.222,74400,0.0002
22.222,74500,-0.0016
22.222,74600,-0.0027
22.222,74700,-0.0031
22.222,74800,-0.0034
22.222,74900,-0.0048
22.222,75000,-0.0072
22.222,75100,-0.0096
22.222,75200,-0.0096
22.222,75300,-0.0072
22.222,75400,-0.0049
22.222,75500,-0.0138
22.222,75600,-0.034
22.222,75700,-0.0542
22.222,75800,-0.0551
22.222,75900,-0.0365
22.222,76000,-0.0178
22.222,76100,-0.0071
22.222,76200,-0.0042
22.222,76300,-0.0014
22.222,76400,0.0012
22.222,76500,0.0036
22.222,76600,0.0059
22.222,76700,0.0068
22.222,76800,0.0063
22.222,76900,0.0057
22.222,77000,0.0066
22.222,77100,0.0091
22.222,77200,0.0115
22.222,77300,0.0145
22.222,77400,0.0179
22.222,77500,0.0214
22.222,77600,0.0216
22.222,77700,0.0186
22.222,77800,0.0155
22.222,77900,0.0127
22.222,78000,0.0103
22.222,78100,0.0078
22.222,78200,0.0062
22.222,78300,0.0055
22.222,78400,0.0048
22.222,78500,0.0038
22.222,78600,0.0027
22.222,78700,0.0015
22.222,78800,0.0034
22.222,78900,0.0082
22.222,79000,0.013
22.222,79100,0.0188
22.222,79200,0.0255
22.222,79300,0.0322
22.222,79400,0.0352
22.222,79500,0.0345
22.222,79600,0.0337
22.222,79700,0.0312
22.222,79800,0.0269
22.222,79900,0.0226
22.222,80000,0.0172
22.222,80100,0.0106
22.222,80200,0.0041
22.222,80300,-0.0033
22.222,80400,-0.0115
22.222,80500,-0.0197
22.222,80600,-0.0243
22.222,80700,-0.0252
22.222,80800,-0.0262
22.222,80900,-0.0261
22.222,81000,-0.0249
22.222,81100,-0.0237
22.222,81200,-0.0201
22.222,81300,-0.0139
22.222,81400,-0.0077
22.222,81500,-0.0048
22.222,81600,-0.0051
22.222,81700,-0.0054
22.222,81800,-0.006
22.222,81900,-0.0069
22.222,82000,-0.0078
22.222,82100,-0.0082
22.222,82200,-0.0079
22.222,82300,-0.0076
22.222,82400,-0.005
22.222,82500,-0.0001
22.222,82600,0.0047
22.222,82700,0.0052
22.222,82800,0.0014
22.222,82900,-0.0024
22.222,83000,-0.0067
22.222,83100,-0.0113
22.222,83200,-0.016
22.222,83300,-0.0178
22.222,83400,-0.0168
22.222,83500,-0.0158
22.222,83600,-0.0139
22.222,83700,-0.0113
22.222,83800,-0.0086
22.222,83900,-0.0063
22.222,84000,-0.0042
22.222,84100,-0.0022
22.222,84200,-0.0039
22.222,84300,-0.0094
22.222,84400,-0.0149
22.222,84500,-0.016
22.222,84600,-0.0128
22.222,84700,-0.0095
22.222,84800,-0.0056
22.222,84900,-0.001
22.222,85000,0.0035
22.222,85100,0.0097
22.222,85200,0.0175
22.222,85300,0.0253
22.222,85400,0.0293
22.222,85500,0.0294
22.222,85600,0.0295
22.222,85700,0.0278
22.222,85800,0.0242
22.222,85900,0.0207
22.222,86000,0.016
22.222,86100,0.01
22.222,86200,0.004
22.222,86300,-0.0011
22.222,86400,-0.0055
22.222,86500,-0.0099
22.222,86600,-0.0134
22.222,86700,-0.0159
22.222,86800,-0.0185
22.222,86900,-0.0191
22.222,87000,-0.0177
22.222,87100,-0.0163
22.222,87200,-0.0142
22.222,87300,-0.0115
22.222,87400,-0.0087
22.222,87500,-0.007
22.222,87600,-0.0065
22.222,87700,-0.006
22.222,87800,-0.0044
22.222,87900,-0.0016
22.222,88000,0.0012
22.222,88100,0.0007
22.222,88200,-0.0031
22.222,88300,-0.0068
22.222,88400,-0.0078
22.222,88500,-0.006
22.222,88600,-0.0042
22.222,88700,-0.003
22.222,88800,-0.0023
22.222,88900,-0.0016
22.222,89000,-0.0007
22.222,89100,0.0005
22.222,89200,0.0017
22.222,89300,0.0017
22.222,89400,0.0005
22.222,89500,-0.0006
22.222,89600,-0.0009
22.222,89700,-0.0003
22.222,89800,0.0004
22.222,89900,0.0006
22.222,90000,0.0004
22.222,90100,0.0001
22.222,90200,0.0008
22.222,90300,0.0025
22.222,90400,0.0042
22.222,90500,0.0055
22.222,90600,0.0065
22.222,90700,0.0076
22.222,90800,0.0069
22.222,90900,0.0045
22.222,91000,0.0022
22.222,91100,0.0009
22.222,91200,0.0009
22.222,91300,0.0008
22.222,91400,0.0015
22.222,91500,0.003
22.222,91600,0.0044
22.222,91700,0.0059
22.222,91800,0.0074
22.222,91900,0.009
22.222,92000,0.0092
22.222,92100,0.0079
22.222,92200,0.0067
22.222,92300,0.0063
22.222,92400,0.0065
22.222,92500,0.0068
22.222,92600,0.0074
22.222,92700,0.0083
22.222,92800,0.0092
22.222,92900,0.0086
22.222,93000,0.0064
22.222,93100,0.0042
22.222,93200,0.0033
22.222,93300,0.0037
22.222,93400,0.0041
22.222,93500,0.0048
22.222,93600,0.0056
22.222,93700,0.0065
22.222,93800,0.0062
22.222,93900,0.0046
22.222,94000,0.0031
22.222,94100,0.0014
22.222,94200,-0.0005
22.222,94300,-0.0024
22.222,94400,-0.0018
22.222,94500,0.0013
22.222,94600,0.0043
22.222,94700,0.0061
22.222,94800,0.0066
22.222,94900,0.007
22.222,95000,0.0062
22.222,95100,0.0042
22.222,95200,0.0022
22.222,95300,-0.0011
22.222,95400,-0.0057
22.222,95500,-0.0103
22.222,95600,-0.0116
22.222,95700,-0.0097
22.222,95800,-0.0077
22.222,95900,-0.0065
22.222,96000,-0.0059
22.222,96100,-0.0053
22.222,96200,-0.004
22.222,96300,-0.002
22.222,96400,0
22.222,96500,0.0004
22.222,96600,-0.0008
22.222,96700,-0.002
22.222,96800,-0.0029
22.222,96900,-0.0036
22.222,97000,-0.0043
22.222,97100,-0.0055
22.222,97200,-0.0073
22.222,97300,-0.0091
22.222,97400,-0.0107
22.222,97500,-0.0121
22.222,97600,-0.0134
22.222,97700,-0.0138
22.222,97800,-0.0133
22.222,97900,-0.0128
22.222,98000,-0.0115
22.222,98100,-0.0095
22.222,98200,-0.0074
22.222,98300,-0.0059
22.222,98400,-0.0048
22.222,98500,-0.0036
22.222,98600,-0.0026
22.222,98700,-0.0017
22.222,98800,-0.0007
22.222,98900,-0.0007
22.222,99000,-0.0015
22.222,99100,-0.0024
22.222,99200,-0.0024
22.222,99300,-0.0017
22.222,99400,-0.0009
22.222,99500,-0.0009
22.222,99600,-0.0017
22.222,99700,-0.0025
22.222,99800,-0.0023
22.222,99900,-0.0013
22.222,100000,-0.0002
22.222,100100,-0.0004
22.222,100200,-0.0019
22.222,100300,-0.0034
22.222,100400,-0.0048
22.222,100500,-0.0062
22.222,100600,-0.0075
22.222,100700,-0.0057
22.222,100800,-0.0006
22.222,100900,0.0044
22.222,101000,0.0063
22.222,101100,0.0052
22.222,101200,0.004
22.222,101300,0.0033
22.222,101400,0.0031
22.222,101500,0.0028
22.222,101600,0.0021
22.222,101700,0.0008
22.222,101800,-0.0004
22.222,101900,0.001
22.222,102000,0.0051
22.222,102100,0.0093
22.222,102200,0.0097
22.222,102300,0.0064
22.222,102400,0.0032
22.222,102500,0.0008
22.222,102600,-0.0005
22.222,102700,-0.0019
22.222,102800,-0.0018
22.222,102900,-0.0001
22.222,103000,0.0015
22.222,103100,0.0033
22.222,103200,0.0052
22.222,103300,0.007
22.222,103400,0.0084
22.222,103500,0.0094
22.222,103600,0.0104
22.222,103700,0.01
22.222,103800,0.0082
22.222,103900,0.0064
22.222,104000,0.0064
22.222,104100,0.0081
22.222,104200,0.0098
22.222,104300,0.0092
22.222,104400,0.0064
22.222,104500,0.0036
22.222,104600,0.0022
22.222,104700,0.0024
22.222,104800,0.0025
22.222,104900,0.0013
22.222,105000,-0.0013
22.222,105100,-0.0039
22.222,105200,-0.0059
22.222,105300,-0.0072
22.222,105400,-0.0085
22.222,105500,-0.0096
22.222,105600,-0.0103
22.222,105700,-0.0111
22.222,105800,-0.0106
22.222,105900,-0.0086
22.222,106000,-0.0066
22.222,106100,-0.0055
22.222,106200,-0.0054
22.222,106300,-0.0052
22.222,106400,-0.0042
22.222,106500,-0.0024
22.222,106600,-0.0007
22.222,106700,0.0001
22.222,106800,-0.0003
22.222,106900,-0.0006
22.222,107000,-0.0008
22.222,107100,-0.0008
22.222,107200,-0.0009
22.222,107300,-0.0011
22.222,107400,-0.0014
22.222,107500,-0.0018
22.222,107600,-0.0016
22.222,107700,-0.001
22.222,107800,-0.0003
22.222,107900,-0.0003
22.222,108000,-0.0009
22.222,108100,-0.0016
22.222,108200,-0.0015
22.222,108300,-0.0006
22.222,108400,0.0002
22.222,108500,0.0019
22.222,108600,0.0044
22.222,108700,0.007
22.222,108800,0.0076
22.222,108900,0.0064
22.222,109000,0.0052
22.222,109100,0.0039
22.222,109200,0.0026
22.222,109300,0.0012
22.222,109400,-0.0006
22.222,109500,-0.0029
22.222,109600,-0.0052
22.222,109700,-0.0058
22.222,109800,-0.0049
22.222,109900,-0.0039
22.222,110000,-0.0032
22.222,110100,-0.0027
22.222,110200,-0.0023
22.222,110300,-0.0017
22.222,110400,-0.0011
22.222,110500,-0.0005
22.222,110600,0.0001
22.222,110700,0.0006
22.222,110800,0.0012
22.222,110900,0.0005
22.222,111000,-0.0014
22.222,111100,-0.0034
22.222,111200,-0.0038
22.222,111300,-0.0028
22.222,111400,-0.0017
22.222,111500,-0.0006
22.222,111600,0.0006
22.222,111700,0.0019
22.222,111800,0.0016
22.222,111900,-0.0001
22.222,112000,-0.0018
22.222,112100,-0.002
22.222,112200,-0.0005
22.222,112300,0.001
22.222,112400,0.002
22.222,112500,0.0025
22.222,112600,0.0031
22.222,112700,0.0039
22.222,112800,0.0051
22.222,112900,0.0063
22.222,113000,0.0061
22.222,113100,0.0045
22.222,113200,0.0029
22.222,113300,0.0026
22.222,113400,0.0036
22.222,113500,0.0046
22.222,113600,0.0057
22.222,113700,0.0068
22.222,113800,0.0079
22.222,113900,0.0064
22.222,114000,0.0023
22.222,114100,-0.0018
22.222,114200,-0.0029
22.222,114300,-0.001
22.222,114400,0.0008
22.222,114500,0.0038
22.222,114600,0.0079
22.222,114700,0.012
22.222,114800,0.0139
22.222,114900,0.0136
22.222,115000,0.0133
22.222,115100,0.0135
22.222,115200,0.014
22.222,115300,0.0146
22.222,115400,0.0133
22.222,115500,0.0101
22.222,115600,0.0069
22.222,115700,0.0042
22.222,115800,0.0019
22.222,115900,-0.0004
22.222,116000,-0.0037
22.222,116100,-0.0081
22.222,116200,-0.0124
22.222,116300,-0.0167
22.222,116400,-0.0209
22.222,116500,-0.0252
22.222,116600,-0.0267
22.222,116700,-0.0256
22.222,116800,-0.0245
22.222,116900,-0.0229
22.222,117000,-0.0208
22.222,117100,-0.0187
22.222,117200,-0.0158
22.222,117300,-0.0119
22.222,117400,-0.0081
22.222,117500,-0.0055
22.222,117600,-0.0042
22.222,117700,-0.0028
22.222,117800,-0.0016
22.222,117900,-0.0005
22.222,118000,0.0006
22.222,118100,0.0011
22.222,118200,0.001
22.222,118300,0.0008
22.222,118400,0.0014
22.222,118500,0.0025
22.222,118600,0.0037
22.222,118700,0.0046
22.222,118800,0.0051
22.222,118900,0.0057
22.222,119000,0.0073
22.222,119100,0.01
22.222,119200,0.0127
22.222,119300,0.0156
22.222,119400,0.0187
22.222,119500,0.0218
22.222,119600,0.0229
22.222,119700,0.0218
22.222,119800,0.0208
22.222,119900,0.0179
22.222,120000,0.0132
22.222,120100,0.0085
22.222,120200,0.0022
22.222,120300,-0.0055
22.222,120400,-0.0133
22.222,120500,-0.017
22.222,120600,-0.0168
22.222,120700,-0.0166
22.222,120800,-0.0157
22.222,120900,-0.0141
22.222,121000,-0.0125
22.222,121100,-0.0116
22.222,121200,-0.0114
22.222,121300,-0.0112
22.222,121400,-0.0092
22.222,121500,-0.0054
22.222,121600,-0.0016
22.222,121700,0.0003
22.222,121800,0.0002
22.222,121900,0.0002
22.222,122000,0.0024
22.222,122100,0.0068
22.222,122200,0.0112
22.222,122300,0.0119
22.222,122400,0.0089
22.222,122500,0.0059
22.222,122600,0.0028
22.222,122700,-0.0003
22.222,122800,-0.0034
22.222,122900,-0.0046
22.222,123000,-0.0038
22.222,123100,-0.0031
22.222,123200,-0.0028
22.222,123300,-0.0029
22.222,123400,-0.003
22.222,123500,-0.0033
22.222,123600,-0.0039
22.222,123700,-0.0044
22.222,123800,-0.0022
22.222,123900,0.0027
22.222,124000,0.0076
22.222,124100,0.0093
22.222,124200,0.0079
22.222,124300,0.0064
22.222,124400,0.0047
22.222,124500,0.0027
22.222,124600,0.0007
22.222,124700,-0.0005
22.222,124800,-0.001
22.222,124900,-0.0015
22.222,125000,-0.0029
22.222,125100,-0.005
22.222,125200,-0.0071
22.222,125300,-0.009
22.222,125400,-0.0106
22.222,125500,-0.0122
22.222,125600,-0.0117
22.222,125700,-0.009
22.222,125800,-0.0063
22.222,125900,-0.0036
22.222,126000,-0.0009
22.222,126100,0.0017
22.222,126200,0.0029
22.222,126300,0.0026
22.222,126400,0.0022
22.222,126500,0.0037
22.222,126600,0.0071
22.222,126700,0.0104
22.222,126800,0.0118
22.222,126900,0.0112
22.222,127000,0.0106
22.222,127100,0.0104
22.222,127200,0.0106
22.222,127300,0.0108
22.222,127400,0.0092
22.222,127500,0.0056
22.222,127600,0.002
22.222,127700,0.0005
22.222,127800,0.001
22.222,127900,0.0015
22.222,128000,0.0018
22.222,128100,0.0017
22.222,128200,0.0016
22.222,128300,0.0009
22.222,128400,-0.0003
22.222,128500,-0.0015
22.222,128600,-0.0006
22.222,128700,0.0024
22.222,128800,0.0053
22.222,128900,0.0053
22.222,129000,0.0023
22.222,129100,-0.0007
22.222,129200,-0.0013
22.222,129300,0.0004
22.222,129400,0.0022
22.222,129500,0.0054
22.222,129600,0.0099
22.222,129700,0.0145
22.222,129800,0.0179
22.222,129900,0.0201
22.222,130000,0.0224
22.222,130100,0.0237
22.222,130200,0.024
22.222,130300,0.0244
22.222,130400,0.0225
22.222,130500,0.0183
22.222,130600,0.0142
22.222,130700,0.0107
22.222,130800,0.008
22.222,130900,0.0052
22.222,131000,0.0017
22.222,131100,-0.0025
22.222,131200,-0.0067
22.222,131300,-0.0082
22.222,131400,-0.0071
22.222,131500,-0.0059
22.222,131600,-0.0059
22.222,131700,-0.007
22.222,131800,-0.0081
22.222,131900,-0.0092
22.222,132000,-0.0103
22.222,132100,-0.0113
22.222,132200,-0.011
22.222,132300,-0.0094
22.222,132400,-0.0078
22.222,132500,-0.0078
22.222,132600,-0.0092
22.222,132700,-0.0107
22.222,132800,-0.0102
22.222,132900,-0.0079
22.222,133000,-0.0055
22.222,133100,-0.0057
22.222,133200,-0.0083
22.222,133300,-0.011
22.222,133400,-0.0121
22.222,133500,-0.0115
22.222,133600,-0.011
22.222,133700,-0.0104
22.222,133800,-0.0097
22.222,133900,-0.0091
22.222,134000,-0.0075
22.222,134100,-0.005
22.222,134200,-0.0025
22.222,134300,-0.0018
22.222,134400,-0.0029
22.222,134500,-0.0041
22.222,134600,-0.0041
22.222,134700,-0.003
22.222,134800,-0.0018
22.222,134900,-0.0019
22.222,135000,-0.0031
22.222,135100,-0.0043
22.222,135200,-0.0036
22.222,135300,-0.001
22.222,135400,0.0017
22.222,135500,0.0023
22.222,135600,0.0009
22.222,135700,-0.0005
22.222,135800,-0.0013
22.222,135900,-0.0015
22.222,136000,-0.0018
22.222,136100,-0.0013
22.222,136200,-0.0001
22.222,136300,0.0011
22.222,136400,0.0009
22.222,136500,-0.0006
22.222,136600,-0.0021
22.222,136700,-0.0021
22.222,136800,-0.0007
22.222,136900,0.0007
22.222,137000,0.0016
22.222,137100,0.0021
22.222,137200,0.0025
22.222,137300,0.0025
22.222,137400,0.0021
22.222,137500,0.0017
22.222,137600,0.0017
22.222,137700,0.002
22.222,137800,0.0023
22.222,137900,0.0022
22.222,138000,0.0017
22.222,138100,0.0012
22.222,138200,0.0011
22.222,138300,0.0015
22.222,138400,0.0019
22.222,138500,0.0018
22.222,138600,0.0014
22.222,138700,0.001
22.222,138800,0.0007
22.222,138900,0.0004
22.222,139000,0.0001
22.222,139100,0.0005
22.222,139200,0.0015
22.222,139300,0.0026
22.222,139400,0.0026
22.222,139500,0.0016
22.222,139600,0.0006
22.222,139700,0.0003
22.222,139800,0.0006
22.222,139900,0.001
22.222,140000,0.0012
22.222,140100,0.0013
22.222,140200,0.0014
22.222,140300,0.0035
22.222,140400,0.0076
22.222,140500,0.0117
22.222,140600,0.0149
22.222,140700,0.0173
22.222,140800,0.0196
22.222,140900,0.0198
22.222,141000,0.0178
22.222,141100,0.0158
22.222,141200,0.0152
22.222,141300,0.016
22.222,141400,0.0167
22.222,141500,0.015
22.222,141600,0.0109
22.222,141700,0.0068
22.222,141800,0.0008
22.222,141900,-0.0071
22.222,142000,-0.015
22.222,142100,-0.0185
22.222,142200,-0.0176
22.222,142300,-0.0168
22.222,142400,-0.0147
22.222,142500,-0.0115
22.222,142600,-0.0084
22.222,142700,-0.0062
22.222,142800,-0.0049
22.222,142900,-0.0037
22.222,143000,-0.0023
22.222,143100,-0.0008
22.222,143200,0.0008
22.222,143300,0.0023
22.222,143400,0.0036
22.222,143500,0.005
22.222,143600,0.0052
22.222,143700,0.0044
22.222,143800,0.0036
22.222,143900,0.0038
22.222,144000,0.0049
22.222,144100,0.006
22.222,144200,0.0074
22.222,144300,0.0092
22.222,144400,0.0109
22.222,144500,0.0098
22.222,144600,0.0056
22.222,144700,0.0015
22.222,144800,-0.0009
22.222,144900,-0.0017
22.222,145000,-0.0024
22.222,145100,-0.003
22.222,145200,-0.0033
22.222,145300,-0.0036
22.222,145400,-0.0036
22.222,145500,-0.0032
22.222,145600,-0.0028
22.222,145700,-0.003
22.222,145800,-0.0036
22.222,145900,-0.0043
22.222,146000,-0.0039
22.222,146100,-0.0025
22.222,146200,-0.0011
22.222,146300,0.0011
22.222,146400,0.004
22.222,146500,0.0069
22.222,146600,0.0092
22.222,146700,0.0111
22.222,146800,0.0129
22.222,146900,0.0141
22.222,147000,0.0146
22.222,147100,0.0151
22.222,147200,0.0146
22.222,147300,0.0131
22.222,147400,0.0115
22.222,147500,0.0067
22.222,147600,-0.0014
22.222,147700,-0.0095
22.222,147800,-0.0138
22.222,147900,-0.0142
22.222,148000,-0.0145
22.222,148100,-0.0149
22.222,148200,-0.0151
22.222,148300,-0.0154
22.222,148400,-0.0145
22.222,148500,-0.0124
22.222,148600,-0.0103
22.222,148700,-0.011
22.222,148800,-0.0144
22.222,148900,-0.0179
22.222,149000,-0.0197
22.222,149100,-0.0199
22.222,149200,-0.02
22.222,149300,-0.0197
22.222,149400,-0.0189
22.222,149500,-0.018
22.222,149600,-0.0168
22.222,149700,-0.0151
22.222,149800,-0.0135
22.222,149900,-0.0134
22.222,150000,-0.015
22.222,150100,-0.0166
22.222,150200,-0.0148
22.222,150300,-0.0094
22.222,150400,-0.0041
22.222,150500,-0.001
22.222,150600,-0.0004
22.222,150700,0.0003
22.222,150800,0.0007
22.222,150900,0.0009
22.222,151000,0.0012
22.222,151100,0.0009
22.222,151200,0.0002
22.222,151300,-0.0006
22.222,151400,-0.0017
22.222,151500,-0.0032
22.222,151600,-0.0047
22.222,151700,-0.0055
22.222,151800,-0.0056
22.222,151900,-0.0056
22.222,152000,-0.0035
22.222,152100,0.0008
22.222,152200,0.0051
22.222,152300,0.0084
22.222,152400,0.0106
22.222,152500,0.0129
22.222,152600,0.0123
22.222,152700,0.0089
22.222,152800,0.0055
22.222,152900,0.0025
22.222,153000,-0.0002
22.222,153100,-0.0029
22.222,153200,-0.0051
22.222,153300,-0.0067
22.222,153400,-0.0083
22.222,153500,-0.0081
22.222,153600,-0.0062
22.222,153700,-0.0043
22.222,153800,-0.0026
22.222,153900,-0.0012
22.222,154000,0.0003
22.222,154100,0.0006
22.222,154200,-0.0003
22.222,154300,-0.0011
22.222,154400,-0.001
22.222,154500,0
22.222,154600,0.001
22.222,154700,0.0008
22.222,154800,-0.0007
22.222,154900,-0.0022
22.222,155000,-0.0038
22.222,155100,-0.0055
22.222,155200,-0.0073
22.222,155300,-0.008
22.222,155400,-0.0078
22.222,155500,-0.0076
22.222,155600,-0.0067
22.222,155700,-0.0051
22.222,155800,-0.0036
22.222,155900,-0.0026
22.222,156000,-0.0021
22.222,156100,-0.0016
22.222,156200,0.0002
22.222,156300,0.0032
22.222,156400,0.0063
22.222,156500,0.01
22.222,156600,0.0143
22.222,156700,0.0186
22.222,156800,0.0174
22.222,156900,0.0106
22.222,157000,0.0039
22.222,157100,-0.0023
22.222,157200,-0.0078
22.222,157300,-0.0134
22.222,157400,-0.0139
22.222,157500,-0.0094
22.222,157600,-0.0048
22.222,157700,-0.0021
22.222,157800,-0.0012
22.222,157900,-0.0003
22.222,158000,-0.0003
22.222,158100,-0.001
22.222,158200,-0.0018
22.222,158300,-0.002
22.222,158400,-0.0016
22.222,158500,-0.0012
22.222,158600,0.0002
22.222,158700,0.0025
22.222,158800,0.0049
22.222,158900,0.0052
22.222,159000,0.0033
22.222,159100,0.0015
22.222,159200,0.0016
22.222,159300,0.0035
22.222,159400,0.0054
22.222,159500,0.0056
22.222,159600,0.0039
22.222,159700,0.0022
22.222,159800,0.0016
22.222,159900,0.0023
22.222,160000,0.003
22.222,160100,0.0036
22.222,160200,0.0042
22.222,160300,0.0048
22.222,160400,0.0041
22.222,160500,0.0019
22.222,160600,-0.0002
22.222,160700,-0.0009
22.222,160800,0
22.222,160900,0.0009
22.222,161000,0.0036
22.222,161100,0.0081
22.222,161200,0.0126
22.222,161300,0.0154
22.222,161400,0.0164
22.222,161500,0.0174
22.222,161600,0.014
22.222,161700,0.0063
22.222,161800,-0.0015
22.222,161900,-0.0053
22.222,162000,-0.0052
22.222,162100,-0.0052
22.222,162200,-0.0076
22.222,162300,-0.0126
22.222,162400,-0.0175
22.222,162500,-0.0183
22.222,162600,-0.015
22.222,162700,-0.0117
22.222,162800,-0.0093
22.222,162900,-0.0079
22.222,163000,-0.0064
22.222,163100,-0.0059
22.222,163200,-0.0062
22.222,163300,-0.0064
22.222,163400,-0.0055
22.222,163500,-0.0032
22.222,163600,-0.001
22.222,163700,0.0006
22.222,163800,0.0015
22.222,163900,0.0025
22.222,164000,0.0032
22.222,164100,0.0036
22.222,164200,0.0041
22.222,164300,0.0033
22.222,164400,0.0012
22.222,164500,-0.001
22.222,164600,-0.0024
22.222,164700,-0.0032
22.222,164800,-0.004
22.222,164900,-0.0039
22.222,165000,-0.0029
22.222,165100,-0.002
22.222,165200,-0.0012
22.222,165300,-0.0006
22.222,165400,0.0001
22.222,165500,0.0005
22.222,165600,0.0008
22.222,165700,0.001
22.222,165800,0.0014
22.222,165900,0.0021
22.222,166000,0.0028
22.222,166100,0.0029
22.222,166200,0.0025
22.222,166300,0.0022
22.222,166400,0.0019
22.222,166500,0.0018
22.222,166600,0.0017
22.222,166700,0.0015
22.222,166800,0.0012
22.222,166900,0.0009
22.222,167000,0.0002
22.222,167100,-0.0009
22.222,167200,-0.002
22.222,167300,-0.0013
22.222,167400,0.0012
22.222,167500,0.0037
22.222,167600,0.0047
22.222,167700,0.0042
22.222,167800,0.0038
22.222,167900,0.0033
22.222,168000,0.0028
22.222,168100,0.0022
22.222,168200,0.0018
22.222,168300,0.0014
22.222,168400,0.001
22.222,168500,0.0013
22.222,168600,0.0022
22.222,168700,0.0031
22.222,168800,0.0014
22.222,168900,-0.0029
22.222,169000,-0.0072
22.222,169100,-0.0074
22.222,169200,-0.0033
22.222,169300,0.0007
22.222,169400,0.0041
22.222,169500,0.007
22.222,169600,0.0098
22.222,169700,0.011
22.222,169800,0.0106
22.222,169900,0.0101
22.222,170000,0.0088
22.222,170100,0.0066
22.222,170200,0.0044
22.222,170300,0.0024
22.222,170400,0.0006
22.222,170500,-0.0012
22.222,170600,-0.0016
22.222,170700,-0.0005
22.222,170800,0.0006
22.222,170900,0.0007
22.222,171000,-0.0002
22.222,171100,-0.0012
22.222,171200,-0.0017
22.222,171300,-0.0018
22.222,171400,-0.002
22.222,171500,-0.0022
22.222,171600,-0.0026
22.222,171700,-0.003
22.222,171800,-0.0005
22.222,171900,0.005
22.222,172000,0.0105
22.222,172100,0.0131
22.222,172200,0.0129
22.222,172300,0.0127
22.222,172400,0.0119
22.222,172500,0.0106
22.222,172600,0.0094
22.222,172700,0.0074
22.222,172800,0.0046
22.222,172900,0.0019
22.222,173000,0.0006
22.222,173100,0.0008
22.222,173200,0.0009
22.222,173300,0.0005
22.222,173400,-0.0006
22.222,173500,-0.0017
22.222,173600,-0.0012
22.222,173700,0.0009
22.222,173800,0.003
22.222,173900,0.0033
22.222,174000,0.0018
22.222,174100,0.0002
22.222,174200,-0.0007
22.222,174300,-0.0012
22.222,174400,-0.0016
22.222,174500,-0.001
22.222,174600,0.0008
22.222,174700,0.0025
22.222,174800,0.0021
22.222,174900,-0.0005
22.222,175000,-0.0031
22.222,175100,-0.0038
22.222,175200,-0.0028
22.222,175300,-0.0018
22.222,175400,-0.0014
22.222,175500,-0.0015
22.222,175600,-0.0017
22.222,175700,-0.0023
22.222,175800,-0.0033
22.222,175900,-0.0043
22.222,176000,-0.0036
22.222,176100,-0.0013
22.222,176200,0.001
22.222,176300,0.0011
22.222,176400,-0.0011
22.222,176500,-0.0033
22.222,176600,-0.0028
22.222,176700,0.0003
22.222,176800,0.0035
22.222,176900,0.0032
22.222,177000,-0.0004
22.222,177100,-0.004
22.222,177200,-0.0045
22.222,177300,-0.002
22.222,177400,0.0005
22.222,177500,0.0007
22.222,177600,-0.0014
22.222,177700,-0.0035
22.222,177800,-0.003
22.222,177900,0.0003
22.222,178000,0.0035
22.222,178100,0.0048
22.222,178200,0.0043
22.222,178300,0.0037
22.222,178400,0.0024
22.222,178500,0.0003
22.222,178600,-0.0019
22.222,178700,-0.0035
22.222,178800,-0.0044
22.222,178900,-0.0054
22.222,179000,-0.0047
22.222,179100,-0.0023
22.222,179200,0.0001
22.222,179300,0.0006
22.222,179400,-0.0008
22.222,179500,-0.0021
22.222,179600,-0.0024
22.222,179700,-0.0018
22.222,179800,-0.0011
22.222,179900,-0.001
22.222,180000,-0.0015
22.222,180100,-0.0019
22.222,180200,-0.0005
22.222,180300,0.0028
22.222,180400,0.0061
22.222,180500,0.0068
22.222,180600,0.0049
22.222,180700,0.003
22.222,180800,0.0022
22.222,180900,0.0026
22.222,181000,0.003
22.222,181100,0.0025
22.222,181200,0.0012
22.222,181300,-0.0002
22.222,181400,-0.0009
22.222,181500,-0.0008
22.222,181600,-0.0008
22.222,181700,-0.0001
22.222,181800,0.001
22.222,181900,0.0022
22.222,182000,0.0024
22.222,182100,0.0015
22.222,182200,0.0007
22.222,182300,0.0003
22.222,182400,0.0005
22.222,182500,0.0007
22.222,182600,0.0038
22.222,182700,0.0099
22.222,182800,0.016
22.222,182900,0.022
22.222,183000,0.0279
22.222,183100,0.0338
22.222,183200,0.0397
22.222,183300,0.0455
22.222,183400,0.0514
22.222,183500,0.0554
22.222,183600,0.0578
22.222,183700,0.0601
22.222,183800,0.0611
22.222,183900,0.0608
22.222,184000,0.0605
22.222,184100,0.0607
22.222,184200,0.0612
22.222,184300,0.0617
22.222,184400,0.0625
22.222,184500,0.0635
22.222,184600,0.0644
22.222,184700,0.0639
22.222,184800,0.0619
22.222,184900,0.0599
22.222,185000,0.0575
22.222,185100,0.0548
22.222,185200,0.0521
22.222,185300,0.0487
22.222,185400,0.0447
22.222,185500,0.0406
22.222,185600,0.0359
22.222,185700,0.0304
22.222,185800,0.025
22.222,185900,0.0216
22.222,186000,0.0202
22.222,186100,0.0187
22.222,186200,0.0191
22.222,186300,0.0213
22.222,186400,0.0235
22.222,186500,0.023
22.222,186600,0.0197
22.222,186700,0.0164
22.222,186800,0.0142
22.222,186900,0.0132
22.222,187000,0.0121
22.222,187100,0.0084
22.222,187200,0.0019
22.222,187300,-0.0045
22.222,187400,-0.0101
22.222,187500,-0.0148
22.222,187600,-0.0195
22.222,187700,-0.0218
22.222,187800,-0.0218
22.222,187900,-0.0218
22.222,188000,-0.0184
22.222,188100,-0.0115
22.222,188200,-0.0047
22.222,188300,-0.0015
22.222,188400,-0.002
22.222,188500,-0.0026
22.222,188600,-0.0029
22.222,188700,-0.003
22.222,188800,-0.003
22.222,188900,-0.0039
22.222,189000,-0.0055
22.222,189100,-0.0071
22.222,189200,-0.0094
22.222,189300,-0.0124
22.222,189400,-0.0153
22.222,189500,-0.0154
22.222,189600,-0.0124
22.222,189700,-0.0095
22.222,189800,-0.0078
22.222,189900,-0.0074
22.222,190000,-0.0069
22.222,190100,-0.0062
22.222,190200,-0.0053
22.222,190300,-0.0043
22.222,190400,-0.0047
22.222,190500,-0.0064
22.222,190600,-0.0081
22.222,190700,-0.0114
22.222,190800,-0.0162
22.222,190900,-0.021
22.222,191000,-0.0252
22.222,191100,-0.0287
22.222,191200,-0.0323
22.222,191300,-0.0335
22.222,191400,-0.0324
22.222,191500,-0.0313
22.222,191600,-0.0313
22.222,191700,-0.0325
22.222,191800,-0.0337
22.222,191900,-0.034
22.222,192000,-0.0335
22.222,192100,-0.033
22.222,192200,-0.0333
22.222,192300,-0.0343
22.222,192400,-0.0353
22.222,192500,-0.0351
22.222,192600,-0.0337
22.222,192700,-0.0323
22.222,192800,-0.0311
22.222,192900,-0.03
22.222,193000,-0.0289
22.222,193100,-0.0272
22.222,193200,-0.025
22.222,193300,-0.0228
22.222,193400,-0.0213
22.222,193500,-0.0207
22.222,193600,-0.0201
22.222,193700,-0.0195
22.222,193800,-0.0189
22.222,193900,-0.0184
22.222,194000,-0.0189
22.222,194100,-0.0206
22.222,194200,-0.0223
22.222,194300,-0.0242
22.222,194400,-0.0264
22.222,194500,-0.0286
22.222,194600,-0.0287
22.222,194700,-0.0269
22.222,194800,-0.025
22.222,194900,-0.0219
22.222,195000,-0.0177
22.222,195100,-0.0135
22.222,195200,-0.0118
22.222,195300,-0.0126
22.222,195400,-0.0134
22.222,195500,-0.0127
22.222,195600,-0.0105
22.222,195700,-0.0084
22.222,195800,-0.0078
22.222,195900,-0.0088
22.222,196000,-0.0098
22.222,196100,-0.0098
22.222,196200,-0.0087
22.222,196300,-0.0076
22.222,196400,-0.0073
22.222,196500,-0.0076
22.222,196600,-0.008
22.222,196700,-0.0088
22.222,196800,-0.0101
22.222,196900,-0.0115
22.222,197000,-0.0115
22.222,197100,-0.0102
22.222,197200,-0.0088
22.222,197300,-0.0076
22.222,197400,-0.0064
22.222,197500,-0.0053
22.222,197600,-0.0043
22.222,197700,-0.0036
22.222,197800,-0.003
22.222,197900,-0.0025
22.222,198000,-0.0022
22.222,198100,-0.0018
22.222,198200,-0.0018
22.222,198300,-0.002
22.222,198400,-0.0022
22.222,198500,-0.0024
22.222,198600,-0.0025
22.222,198700,-0.0026
22.222,198800,-0.0028
22.222,198900,-0.003
22.222,199000,-0.0033
22.222,199100,-0.0034
22.222,199200,-0.0032
22.222,199300,-0.003
22.222,199400,-0.0027
22.222,199500,-0.0023
22.222,199600,-0.0019
22.222,199700,-0.0016
22.222,199800,-0.0015
22.222,199900,-0.0013
22.222,200000,-0.0014
22.222,200100,-0.0017
22.222,200200,-0.0019
22.222,200300,-0.0024
22.222,200400,-0.0032
22.222,200500,-0.0039
22.222,200600,-0.0039
22.222,200700,-0.0031
22.222,200800,-0.0023
22.222,200900,-0.0019
22.222,201000,-0.002
22.222,201100,-0.0021
22.222,201200,0.0005
22.222,201300,0.0059
22.222,201400,0.0113
22.222,201500,0.0136
22.222,201600,0.0129
22.222,201700,0.0121
22.222,201800,0.0097
22.222,201900,0.0057
22.222,202000,0.0018
22.222,202100,-0.0007
22.222,202200,-0.0017
22.222,202300,-0.0026
22.222,202400,-0.0037
22.222,202500,-0.0048
22.222,202600,-0.0059
22.222,202700,-0.0053
22.222,202800,-0.003
22.222,202900,-0.0008
22.222,203000,0.0006
22.222,203100,0.0012
22.222,203200,0.0018
22.222,203300,0.0033
22.222,203400,0.0058
22.222,203500,0.0083
22.222,203600,0.0076
22.222,203700,0.0037
22.222,203800,-0.0002
22.222,203900,-0.0062
22.222,204000,-0.0144
22.222,204100,-0.0226
22.222,204200,-0.0259
22.222,204300,-0.0242
22.222,204400,-0.0225
22.222,204500,-0.0175
22.222,204600,-0.0092
22.222,204700,-0.0009
22.222,204800,0.0058
22.222,204900,0.011
22.222,205000,0.0161
22.222,205100,0.0173
22.222,205200,0.0146
22.222,205300,0.0119
22.222,205400,0.0093
22.222,205500,0.0067
22.222,205600,0.0041
22.222,205700,0.0044
22.222,205800,0.0076
22.222,205900,0.0108
22.222,206000,0.0121
22.222,206100,0.0114
22.222,206200,0.0108
22.222,206300,0.0094
22.222,206400,0.0072
22.222,206500,0.005
22.222,206600,0.003
22.222,206700,0.0012
22.222,206800,-0.0006
22.222,206900,-0.0029
22.222,207000,-0.0055
22.222,207100,-0.0082
22.222,207200,-0.0095
22.222,207300,-0.0095
22.222,207400,-0.0095
22.222,207500,-0.0073
22.222,207600,-0.0029
22.222,207700,0.0014
22.222,207800,0.0036
22.222,207900,0.0036
22.222,208000,0.0035
22.222,208100,0.0036
22.222,208200,0.0037
22.222,208300,0.0039
22.222,208400,0.0039
22.222,208500,0.0038
22.222,208600,0.0037
22.222,208700,0.0032
22.222,208800,0.0021
22.222,208900,0.001
22.222,209000,0
22.222,209100,-0.0007
22.222,209200,-0.0014
22.222,209300,-0.002
22.222,209400,-0.0023
22.222,209500,-0.0026
22.222,209600,-0.0036
22.222,209700,-0.0051
22.222,209800,-0.0067
22.222,209900,-0.0083
22.222,210000,-0.01
22.222,210100,-0.0117
22.222,210200,-0.0104
22.222,210300,-0.0061
22.222,210400,-0.0018
22.222,210500,0.0014
22.222,210600,0.0035
22.222,210700,0.0055
22.222,210800,0.007
22.222,210900,0.0079
22.222,211000,0.0088
22.222,211100,0.0079
22.222,211200,0.0053
22.222,211300,0.0027
22.222,211400,0.0019
22.222,211500,0.0028
22.222,211600,0.0038
22.222,211700,0.0038
22.222,211800,0.0029
22.222,211900,0.002
22.222,212000,0.001
22.222,212100,-0.0001
22.222,212200,-0.0012
22.222,212300,-0.0029
22.222,212400,-0.0052
22.222,212500,-0.0074
22.222,212600,-0.0079
22.222,212700,-0.0068
22.222,212800,-0.0056
22.222,212900,-0.0044
22.222,213000,-0.0032
22.222,213100,-0.0019
22.222,213200,-0.001
22.222,213300,-0.0004
22.222,213400,0.0001
22.222,213500,-0.0003
22.222,213600,-0.0018
22.222,213700,-0.0033
22.222,213800,-0.0034
22.222,213900,-0.0021
22.222,214000,-0.0009
22.222,214100,-0.0001
22.222,214200,0.0003
22.222,214300,0.0007
22.222,214400,0.0001
22.222,214500,-0.0017
22.222,214600,-0.0034
22.222,214700,-0.0053
22.222,214800,-0.0073
22.222,214900,-0.0093
22.222,215000,-0.0105
22.222,215100,-0.0109
22.222,215200,-0.0112
22.222,215300,-0.0095
22.222,215400,-0.0055
22.222,215500,-0.0016
22.222,215600,0.0013
22.222,215700,0.003
22.222,215800,0.0047
22.222,215900,0.0054
22.222,216000,0.0053
22.222,216100,0.0051
22.222,216200,0.0044
22.222,216300,0.0031
22.222,216400,0.0019
22.222,216500,-0.0002
22.222,216600,-0.0031
22.222,216700,-0.006
22.222,216800,-0.0077
22.222,216900,-0.0083
22.222,217000,-0.0088
22.222,217100,-0.0062
22.222,217200,-0.0004
22.222,217300,0.0054
22.222,217400,0.0079
22.222,217500,0.007
22.222,217600,0.0061
22.222,217700,0.0039
22.222,217800,0.0004
22.222,217900,-0.0031
22.222,218000,-0.0042
22.222,218100,-0.0028
22.222,218200,-0.0014
22.222,218300,0
22.222,218400,0.0014
22.222,218500,0.0029
22.222,218600,0.0042
22.222,218700,0.0053
22.222,218800,0.0064
22.222,218900,0.0063
22.222,219000,0.0051
22.222,219100,0.0039
22.222,219200,0.0036
22.222,219300,0.0042
22.222,219400,0.0047
22.222,219500,0.0033
22.222,219600,-0.0001
22.222,219700,-0.0035
22.222,219800,-0.0032
22.222,219900,0.001
22.222,220000,0.0051
22.222,220100,0.0067
22.222,220200,0.0058
22.222,220300,0.005
22.222,220400,0.0048
22.222,220500,0.0053
22.222,220600,0.0058
22.222,220700,0.0065
22.222,220800,0.0076
22.222,220900,0.0087
22.222,221000,0.0077
22.222,221100,0.0047
22.222,221200,0.0018
22.222,221300,-0.0018
22.222,221400,-0.0059
22.222,221500,-0.01
22.222,221600,-0.0111
22.222,221700,-0.0093
22.222,221800,-0.0075
22.222,221900,-0.0036
22.222,222000,0.0022
22.222,222100,0.008
22.222,222200,0.0132
22.222,222300,0.0179
22.222,222400,0.0225
22.222,222500,0.0234
22.222,222600,0.0206
22.222,222700,0.0178
22.222,222800,0.0161
22.222,222900,0.0155
22.222,223000,0.0149
22.222,223100,0.0142
22.222,223200,0.0132
22.222,223300,0.0123
22.222,223400,0.0114
22.222,223500,0.0105
22.222,223600,0.0097
22.222,223700,0.009
22.222,223800,0.0086
22.222,223900,0.0081
22.222,224000,0.0074
22.222,224100,0.0063
22.222,224200,0.0052
22.222,224300,0.0044
22.222,224400,0.004
22.222,224500,0.0036
22.222,224600,0.0031
22.222,224700,0.0025
22.222,224800,0.002
22.222,224900,0.0016
22.222,225000,0.0012
22.222,225100,0.0008
22.222,225200,0.0017
22.222,225300,0.004
22.222,225400,0.0063
22.222,225500,0.0063
22.222,225600,0.0039
22.222,225700,0.0015
22.222,225800,0.0003
22.222,225900,0.0003
22.222,226000,0.0002
22.222,226100,0.0009
22.222,226200,0.0024
22.222,226300,0.0039
22.222,226400,0.0039
22.222,226500,0.0024
22.222,226600,0.001
22.222,226700,0.0004
22.222,226800,0.0006
22.222,226900,0.0009
22.222,227000,-0.0003
22.222,227100,-0.0029
22.222,227200,-0.0055
22.222,227300,-0.0099
22.222,227400,-0.016
22.222,227500,-0.0221
22.222,227600,-0.0191
22.222,227700,-0.0071
22.222,227800,0.005
22.222,227900,0.0114
22.222,228000,0.0124
22.222,228100,0.0133
22.222,228200,0.0127
22.222,228300,0.0104
22.222,228400,0.0082
22.222,228500,0.0063
22.222,228600,0.005
22.222,228700,0.0036
22.222,228800,0.0029
22.222,228900,0.0028
22.222,229000,0.0027
22.222,229100,0.0022
22.222,229200,0.0013
22.222,229300,0.0004
22.222,229400,0
22.222,229500,0
22.222,229600,0
22.222,229700,-0.0005
22.222,229800,-0.0015
22.222,229900,-0.0026
22.222,230000,-0.0064
22.222,230100,-0.0131
22.222,230200,-0.0198
22.222,230300,-0.0257
22.222,230400,-0.0309
22.222,230500,-0.036
22.222,230600,-0.0321
22.222,230700,-0.0191
22.222,230800,-0.0062
22.222,230900,0.0033
22.222,231000,0.0092
22.222,231100,0.0151
22.222,231200,0.017
22.222,231300,0.0148
22.222,231400,0.0127
22.222,231500,0.0108
22.222,231600,0.0091
22.222,231700,0.0075
22.222,231800,0.0055
22.222,231900,0.003
22.222,232000,0.0006
22.222,232100,-0.0016
22.222,232200,-0.0035
22.222,232300,-0.0054
22.222,232400,-0.0085
22.222,232500,-0.0129
22.222,232600,-0.0173
22.222,232700,-0.0229
22.222,232800,-0.0297
22.222,232900,-0.0366
22.222,233000,-0.0404
22.222,233100,-0.0414
22.222,233200,-0.0423
22.222,233300,-0.0342
22.222,233400,-0.017
22.222,233500,0.0001
22.222,233600,0.0122
22.222,233700,0.0193
22.222,233800,0.0264
22.222,233900,0.0277
22.222,234000,0.0231
22.222,234100,0.0184
22.222,234200,0.0148
22.222,234300,0.0121
22.222,234400,0.0094
22.222,234500,0.0068
22.222,234600,0.0042
22.222,234700,0.0017
22.222,234800,0.0005
22.222,234900,0.0005
22.222,235000,0.0005
22.222,235100,-0.0002
22.222,235200,-0.0016
22.222,235300,-0.0031
22.222,235400,-0.0035
22.222,235500,-0.0029
22.222,235600,-0.0024
22.222,235700,-0.0023
22.222,235800,-0.0028
22.222,235900,-0.0033
22.222,236000,-0.003
22.222,236100,-0.0018
22.222,236200,-0.0006
22.222,236300,0.0022
22.222,236400,0.0065
22.222,236500,0.0109
22.222,236600,0.0124
22.222,236700,0.011
22.222,236800,0.0095
22.222,236900,0.0086
22.222,237000,0.0082
22.222,237100,0.0078
22.222,237200,0.0078
22.222,237300,0.008
22.222,237400,0.0083
22.222,237500,0.0084
22.222,237600,0.0082
22.222,237700,0.008
22.222,237800,0.008
22.222,237900,0.0081
22.222,238000,0.0082
22.222,238100,0.0099
22.222,238200,0.0135
22.222,238300,0.017
22.222,238400,0.02
22.222,238500,0.0225
22.222,238600,0.0249
22.222,238700,0.0277
22.222,238800,0.0309
22.222,238900,0.034
22.222,239000,0.034
22.222,239100,0.0309
22.222,239200,0.0278
22.222,239300,0.0234
22.222,239400,0.0179
22.222,239500,0.0124
22.222,239600,0.0089
22.222,239700,0.0075
22.222,239800,0.0062
22.222,239900,0.0072
22.222,240000,0.0107
22.222,240100,0.0142
22.222,240200,0.0181
22.222,240300,0.0225
22.222,240400,0.0269
22.222,240500,0.0262
22.222,240600,0.0206
22.222,240700,0.015
22.222,240800,0.0079
22.222,240900,-0.0005
22.222,241000,-0.0089
22.222,241100,-0.0132
22.222,241200,-0.0135
22.222,241300,-0.0137
22.222,241400,-0.0166
22.222,241500,-0.0222
22.222,241600,-0.0277
22.222,241700,-0.0316
22.222,241800,-0.0338
22.222,241900,-0.036
22.222,242000,-0.0369
22.222,242100,-0.0364
22.222,242200,-0.0359
22.222,242300,-0.035
22.222,242400,-0.0337
22.222,242500,-0.0324
22.222,242600,-0.03
22.222,242700,-0.0264
22.222,242800,-0.0228
22.222,242900,-0.0194
22.222,243000,-0.0162
22.222,243100,-0.0129
22.222,243200,-0.0098
22.222,243300,-0.007
22.222,243400,-0.0042
22.222,243500,-0.0028
22.222,243600,-0.0027
22.222,243700,-0.0026
22.222,243800,-0.0035
22.222,243900,-0.0053
22.222,244000,-0.007
22.222,244100,-0.0087
22.222,244200,-0.0104
22.222,244300,-0.012
22.222,244400,-0.0114
22.222,244500,-0.0087
22.222,244600,-0.0059
22.222,244700,-0.0051
22.222,244800,-0.0062
22.222,244900,-0.0073
22.222,245000,-0.0071
22.222,245100,-0.0056
22.222,245200,-0.0041
22.222,245300,-0.0041
22.222,245400,-0.0056
22.222,245500,-0.0071
22.222,245600,-0.008
22.222,245700,-0.0081
22.222,245800,-0.0082
22.222,245900,-0.0093
22.222,246000,-0.0116
22.222,246100,-0.0138
22.222,246200,-0.0146
22.222,246300,-0.0141
22.222,246400,-0.0136
22.222,246500,-0.0108
22.222,246600,-0.0057
22.222,246700,-0.0006
22.222,246800,0.002
22.222,246900,0.0021
22.222,247000,0.0021
22.222,247100,0.0019
22.222,247200,0.0015
22.222,247300,0.001
22.222,247400,0.0014
22.222,247500,0.0027
22.222,247600,0.004
22.222,247700,0.0007
22.222,247800,-0.0072
22.222,247900,-0.0151
22.222,248000,-0.0174
22.222,248100,-0.014
22.222,248200,-0.0106
22.222,248300,-0.0088
22.222,248400,-0.0083
22.222,248500,-0.0079
22.222,248600,-0.0063
22.222,248700,-0.0036
22.222,248800,-0.0009
22.222,248900,0.0015
22.222,249000,0.0036
22.222,249100,0.0057
22.222,249200,0.0065
22.222,249300,0.0062
22.222,249400,0.0058
22.222,249500,0.0059
22.222,249600,0.0063
22.222,249700,0.0067
22.222,249800,0.0037
22.222,249900,-0.0028
22.222,250000,-0.0093
22.222,250100,-0.0133
22.222,250200,-0.0149
22.222,250300,-0.0164
22.222,250400,-0.0144
22.222,250500,-0.0088
22.222,250600,-0.0033
22.222,250700,-0.0006
22.222,250800,-0.0009
22.222,250900,-0.0012
22.222,251000,-0.001
22.222,251100,-0.0003
22.222,251200,0.0004
22.222,251300,0.0008
22.222,251400,0.0009
22.222,251500,0.001
22.222,251600,0.0005
22.222,251700,-0.0005
22.222,251800,-0.0015
22.222,251900,-0.0015
22.222,252000,-0.0005
22.222,252100,0.0005
22.222,252200,0.0007
22.222,252300,0.0001
22.222,252400,-0.0006
22.222,252500,-0.0012
22.222,252600,-0.0017
22.222,252700,-0.0022
22.222,252800,-0.0023
22.222,252900,-0.002
22.222,253000,-0.0017
22.222,253100,-0.0022
22.222,253200,-0.0034
22.222,253300,-0.0047
22.222,253400,-0.0032
22.222,253500,0.001
22.222,253600,0.0053
22.222,253700,0.007
22.222,253800,0.0062
22.222,253900,0.0055
22.222,254000,0.005
22.222,254100,0.0047
22.222,254200,0.0043
22.222,254300,0.0043
22.222,254400,0.0045
22.222,254500,0.0047
22.222,254600,0.0048
22.222,254700,0.0047
22.222,254800,0.0046
22.222,254900,0.004
22.222,255000,0.0027
22.222,255100,0.0015
22.222,255200,-0.0001
22.222,255300,-0.0019
22.222,255400,-0.0037
22.222,255500,-0.005
22.222,255600,-0.0058
22.222,255700,-0.0066
22.222,255800,-0.0061
22.222,255900,-0.0045
22.222,256000,-0.0028
22.222,256100,-0.002
22.222,256200,-0.0021
22.222,256300,-0.0021
22.222,256400,-0.0013
22.222,256500,0.0002
22.222,256600,0.0018
22.222,256700,0.0021
22.222,256800,0.0011
22.222,256900,0.0001
22.222,257000,0.0002
22.222,257100,0.0014
22.222,257200,0.0026
22.222,257300,0.0026
22.222,257400,0.0012
22.222,257500,-0.0002
22.222,257600,-0.0005
22.222,257700,0.0003
22.222,257800,0.001
22.222,257900,0.0012
22.222,258000,0.0007
22.222,258100,0.0002
22.222,258200,-0.0003
22.222,258300,-0.0008
22.222,258400,-0.0013
22.222,258500,-0.0012
22.222,258600,-0.0006
22.222,258700,0.0001
22.222,258800,0
22.222,258900,-0.0006
22.222,259000,-0.0013
22.222,259100,-0.0015
22.222,259200,-0.0012
22.222,259300,-0.0009
22.222,259400,0.001
22.222,259500,0.0045
22.222,259600,0.008
22.222,259700,0.0076
22.222,259800,0.0036
22.222,259900,-0.0005
22.222,260000,-0.0028
22.222,260100,-0.0033
22.222,260200,-0.0038
22.222,260300,-0.0038
22.222,260400,-0.0032
22.222,260500,-0.0027
22.222,260600,-0.0015
22.222,260700,0.0003
22.222,260800,0.0022
22.222,260900,0.0039
22.222,261000,0.0055
22.222,261100,0.0071
22.222,261200,0.0076
22.222,261300,0.0072
22.222,261400,0.0067
22.222,261500,0.0059
22.222,261600,0.0047
22.222,261700,0.0034
22.222,261800,0.0022
22.222,261900,0.001
22.222,262000,-0.0001
22.222,262100,-0.0009
22.222,262200,-0.0013
22.222,262300,-0.0016
22.222,262400,-0.0027
22.222,262500,-0.0045
22.222,262600,-0.0063
22.222,262700,-0.0068
22.222,262800,-0.0061
22.222,262900,-0.0054
22.222,263000,-0.0033
22.222,263100,0.0003
22.222,263200,0.0038
22.222,263300,0.0053
22.222,263400,0.0048
22.222,263500,0.0043
22.222,263600,0.0044
22.222,263700,0.005
22.222,263800,0.0055
22.222,263900,0.0047
22.222,264000,0.0024
22.222,264100,0.0002
22.222,264200,-0.0007
22.222,264300,-0.0002
22.222,264400,0.0002
22.222,264500,-0.0005
22.222,264600,-0.0024
22.222,264700,-0.0044
22.222,264800,-0.0057
22.222,264900,-0.0065
22.222,265000,-0.0073
22.222,265100,-0.0085
22.222,265200,-0.01
22.222,265300,-0.0115
22.222,265400,-0.0113
22.222,265500,-0.0092
22.222,265600,-0.0071
22.222,265700,-0.0038
22.222,265800,0.0008
22.222,265900,0.0053
22.222,266000,0.0068
22.222,266100,0.0052
22.222,266200,0.0036
22.222,266300,0.0024
22.222,266400,0.0017
22.222,266500,0.0009
22.222,266600,0.0007
22.222,266700,0.001
22.222,266800,0.0014
22.222,266900,0.002
22.222,267000,0.0029
22.222,267100,0.0037
22.222,267200,0.0035
22.222,267300,0.0022
22.222,267400,0.0008
22.222,267500,0.0003
22.222,267600,0.0006
22.222,267700,0.0009
22.222,267800,0.0013
22.222,267900,0.0019
22.222,268000,0.0025
22.222,268100,0.0028
22.222,268200,0.0027
22.222,268300,0.0026
22.222,268400,0.0022
22.222,268500,0.0014
22.222,268600,0.0007
22.222,268700,0.0005
22.222,268800,0.0008
22.222,268900,0.0011
22.222,269000,0.0025
22.222,269100,0.0051
22.222,269200,0.0077
22.222,269300,0.0088
22.222,269400,0.0086
22.222,269500,0.0083
22.222,269600,0.0059
22.222,269700,0.0015
22.222,269800,-0.0029
22.222,269900,-0.0043
22.222,270000,-0.0027
22.222,270100,-0.0011
22.222,270200,-0.0012
22.222,270300,-0.0031
22.222,270400,-0.0049
22.222,270500,-0.0053
22.222,270600,-0.0042
22.222,270700,-0.0031
22.222,270800,-0.0029
22.222,270900,-0.0036
22.222,271000,-0.0043
22.222,271100,-0.0043
22.222,271200,-0.0036
22.222,271300,-0.0029
22.222,271400,-0.0025
22.222,271500,-0.0024
22.222,271600,-0.0022
22.222,271700,-0.0025
22.222,271800,-0.0033
22.222,271900,-0.0041
22.222,272000,-0.003
22.222,272100,0
22.222,272200,0.0031
22.222,272300,0.0028
22.222,272400,-0.001
22.222,272500,-0.0047
22.222,272600,-0.0067
22.222,272700,-0.0072
22.222,272800,-0.0076
22.222,272900,-0.0068
22.222,273000,-0.0047
22.222,273100,-0.0026
22.222,273200,-0.0019
22.222,273300,-0.0026
22.222,273400,-0.0034
22.222,273500,-0.0025
22.222,273600,0
22.222,273700,0.0025
22.222,273800,0.0014
22.222,273900,-0.0033
22.222,274000,-0.0079
22.222,274100,-0.0088
22.222,274200,-0.006
22.222,274300,-0.0032
22.222,274400,-0.0012
22.222,274500,0
22.222,274600,0.0012
22.222,274700,0.0021
22.222,274800,0.0028
22.222,274900,0.0035
22.222,275000,0.0032
22.222,275100,0.002
22.222,275200,0.0007
22.222,275300,0.0009
22.222,275400,0.0027
22.222,275500,0.0044
22.222,275600,0.0057
22.222,275700,0.0065
22.222,275800,0.0074
22.222,275900,0.0074
22.222,276000,0.0065
22.222,276100,0.0057
22.222,276200,0.0048
22.222,276300,0.0039
22.222,276400,0.003
22.222,276500,0.0037
22.222,276600,0.0059
22.222,276700,0.0082
22.222,276800,0.009
22.222,276900,0.0085
22.222,277000,0.0079
22.222,277100,0.0073
22.222,277200,0.0068
22.222,277300,0.0062
22.222,277400,0.0052
22.222,277500,0.0037
22.222,277600,0.0022
22.222,277700,0.001
22.222,277800,0.0001
22.222,277900,-0.0008
22.222,278000,-0.0016
22.222,278100,-0.0024
22.222,278200,-0.0032
22.222,278300,-0.0043
22.222,278400,-0.0058
22.222,278500,-0.0073
22.222,278600,-0.0074
22.222,278700,-0.006
22.222,278800,-0.0047
22.222,278900,-0.0021
22.222,279000,0.0016
22.222,279100,0.0053
22.222,279200,0.0065
22.222,279300,0.0051
22.222,279400,0.0037
22.222,279500,0.0001
22.222,279600,-0.0058
22.222,279700,-0.0117
22.222,279800,-0.0142
22.222,279900,-0.0134
22.222,280000,-0.0126
22.222,280100,-0.0118
22.222,280200,-0.011
22.222,280300,-0.0102
22.222,280400,-0.0062
22.222,280500,0.0009
22.222,280600,0.008
22.222,280700,0.0127
22.222,280800,0.0148
22.222,280900,0.0169
22.222,281000,0.0168
22.222,281100,0.0146
22.222,281200,0.0123
22.222,281300,0.009
22.222,281400,0.0047
22.222,281500,0.0005
22.222,281600,-0.0028
22.222,281700,-0.0049
22.222,281800,-0.0071
22.222,281900,-0.0086
22.222,282000,-0.0094
22.222,282100,-0.0102
22.222,282200,-0.0103
22.222,282300,-0.0097
22.222,282400,-0.0092
22.222,282500,-0.0074
22.222,282600,-0.0043
22.222,282700,-0.0013
22.222,282800,0.0019
22.222,282900,0.0052
22.222,283000,0.0084
22.222,283100,0.0105
22.222,283200,0.0115
22.222,283300,0.0125
22.222,283400,0.0123
22.222,283500,0.011
22.222,283600,0.0096
22.222,283700,0.0068
22.222,283800,0.0024
22.222,283900,-0.002
22.222,284000,-0.0048
22.222,284100,-0.006
22.222,284200,-0.0073
22.222,284300,-0.0067
22.222,284400,-0.0042
22.222,284500,-0.0017
22.222,284600,0.0016
22.222,284700,0.0059
22.222,284800,0.0101
22.222,284900,0.0117
22.222,285000,0.0106
22.222,285100,0.0096
22.222,285200,0.0086
22.222,285300,0.0077
22.222,285400,0.0068
22.222,285500,0.0058
22.222,285600,0.0045
22.222,285700,0.0032
22.222,285800,0.0025
22.222,285900,0.0024
22.222,286000,0.0023
22.222,286100,0.0026
22.222,286200,0.0035
22.222,286300,0.0043
22.222,286400,0.0042
22.222,286500,0.0031
22.222,286600,0.0021
22.222,286700,0.0019
22.222,286800,0.0028
22.222,286900,0.0036
22.222,287000,0.0046
22.222,287100,0.0059
22.222,287200,0.0072
22.222,287300,0.0084
22.222,287400,0.0096
22.222,287500,0.0109
22.222,287600,0.0116
22.222,287700,0.0118
22.222,287800,0.012
22.222,287900,0.0106
22.222,288000,0.0077
22.222,288100,0.0048
22.222,288200,0.0032
22.222,288300,0.0029
22.222,288400,0.0026
22.222,288500,0.0006
22.222,288600,-0.0029
22.222,288700,-0.0065
22.222,288800,-0.0074
22.222,288900,-0.0056
22.222,289000,-0.0038
22.222,289100,-0.0007
22.222,289200,0.0037
22.222,289300,0.0081
22.222,289400,0.0099
22.222,289500,0.009
22.222,289600,0.0081
22.222,289700,0.0053
22.222,289800,0.0005
22.222,289900,-0.0042
22.222,290000,-0.0081
22.222,290100,-0.0112
22.222,290200,-0.0142
22.222,290300,-0.0142
22.222,290400,-0.0112
22.222,290500,-0.0082
22.222,290600,-0.0082
22.222,290700,-0.0113
22.222,290800,-0.0144
22.222,290900,-0.0145
22.222,291000,-0.0117
22.222,291100,-0.0088
22.222,291200,-0.0066
22.222,291300,-0.0049
22.222,291400,-0.0032
22.222,291500,-0.0018
22.222,291600,-0.0008
22.222,291700,0.0002
22.222,291800,0.0033
22.222,291900,0.0086
22.222,292000,0.014
22.222,292100,0.0126
22.222,292200,0.0046
22.222,292300,-0.0035
22.222,292400,-0.0041
22.222,292500,0.0026
22.222,292600,0.0094
22.222,292700,0.0129
22.222,292800,0.0133
22.222,292900,0.0137
22.222,293000,0.0115
22.222,293100,0.0067
22.222,293200,0.0019
22.222,293300,-0.0018
22.222,293400,-0.0043
22.222,293500,-0.0068
18.518,293600,-0.0072
14.814,293700,-0.0053
11.111,293800,-0.0034
7.4073,293900,-0.0021
3.7036,294000,-0.0014
0,294100,-0.0007